metabolite	log2FC	stat	pvalue	padj	distance/span	FC	count_nan_samples	distance	span_allsamples	compartment	input_L-Cycloserine_cell_T4h-1	input_L-Cycloserine_cell_T4h-2	input_L-Cycloserine_cell_T4h-3	input_L-Cycloserine_cell_T6h-1	input_L-Cycloserine_cell_T6h-2	input_L-Cycloserine_cell_T6h-3	L-Cycloserine_cell_T4h-1	L-Cycloserine_cell_T4h-2	L-Cycloserine_cell_T4h-3	L-Cycloserine_cell_T6h-1	L-Cycloserine_cell_T6h-2	L-Cycloserine_cell_T6h-3	geommean_6	geommean_4
Fumaric_acid_m+2	2.7622977956223385	1.9639610121239315	0.024767306717813353	0.04798665676576337	0.7412587412587411	6.784760056895564	('0/3', '0/3')	1.7042182412735074	2.29908687266143	cell	0.0014	0.0026	0.0027	0.0133	0.0157	0.0147	0.22508542809272744	0.418015795029351	0.434093325607403	2.1383115668809105	2.5241723007541577	2.3633969949736384	2.336552553733227	0.344382488715797
L-Malic_acid_m+4	1.0556228143363249	1.9639610121239315	0.024767306717813353	0.04798665676576337	0.7307692307692311	2.078615355339641	('0/3', '0/3')	1.6607421582319857	2.272594532317453	cell	0.002	0.0021	0.0022	0.0041	0.0046	0.0044	1.7481496402441952	1.8355571222564047	1.9229646042686146	3.5837067625006003	4.020744172561648	3.845929208537229	3.8125311241038022	1.83416865189127
L-Malic_acid_m+2	1.4268723423569307	1.9639610121239315	0.024767306717813353	0.04798665676576337	0.6431924882629109	2.6886320727309942	('0/3', '0/3')	1.4912461788305704	2.3185068327803755	cell	0.0107	0.0093	0.0123	0.026	0.0299	0.0306	1.1646959206924892	1.0123058002280514	1.3388560583661324	2.830102237196703	3.2546175727762083	3.330812633008427	3.1305268351407527	1.1643567250765186
L-Malic_acid_m+3	1.3841234433222764	1.9639610121239315	0.024767306717813353	0.04798665676576337	0.6063829787234041	2.610133220282336	('0/3', '0/3')	1.4310249757660396	2.3599359249475045	cell	0.0047	0.0043	0.0056	0.0113	0.0137	0.013	1.1799679624737522	1.079545157156837	1.4059192744368112	2.836944250202851	3.439481082104342	3.26374117279974	3.169712059985976	1.214387080075212
