metabolite	log2FC	stat	pvalue	padj	distance/span	FC	count_nan_samples	distance	span_allsamples	compartment	input_L-Cycloserine_cell_T1h-1	input_L-Cycloserine_cell_T1h-2	input_L-Cycloserine_cell_T1h-3	input_L-Cycloserine_cell_T2h-1	input_L-Cycloserine_cell_T2h-2	input_L-Cycloserine_cell_T2h-3	L-Cycloserine_cell_T1h-1	L-Cycloserine_cell_T1h-2	L-Cycloserine_cell_T1h-3	L-Cycloserine_cell_T2h-1	L-Cycloserine_cell_T2h-2	L-Cycloserine_cell_T2h-3	geommean_2	geommean_1
L-Glutamic_acid_m+5	0.570562113580348	1.9639610121239315	0.024767306717813353	0.04245824008768003	0.4600000000000001	1.4851020944495597	('0/3', '0/3')	1.2335203230365521	2.681565919644678	cell	0.0068	0.0072	0.0072	0.0095	0.0118	0.0103	3.646929650716762	3.8614549242883363	3.8614549242883363	5.094975247324888	6.32849557036144	5.524025794468037	5.626427825921066	3.7885798201681573
L-Malic_acid_m+4	0.5902763486774965	1.9639610121239315	0.024767306717813353	0.04245824008768003	0.4285714285714283	1.5055351055037889	('0/3', '0/3')	1.202675588605909	2.806243040080456	cell	0.001	0.001	0.0008	0.0015	0.0013	0.0014	4.008918628686366	4.008918628686366	3.2071349029490928	6.013377943029549	5.211594217292275	5.612486080160911	5.602924756569076	3.7215503883545775
L-Aspartic_acid_m+4	0.7356853890475024	1.9639610121239315	0.024767306717813353	0.04245824008768003	0.160919540229885	1.6651883717137739	('0/3', '0/3')	0.49565501828230074	3.080141899325727	cell	0.0056	0.0075	0.0088	0.0117	0.0143	0.0102	1.9826200731292032	2.65529474079804	3.115545829203034	4.142259795644943	5.06276197245493	3.6112008474853345	4.230829224160937	2.5407511222328942
L-Tyrosine_m+2	1.1639510321098914	1.9639610121239315	0.024767306717813353	0.04245824008768003	0.14285714285714288	2.240702373278582	('0/3', '0/3')	0.44112877325628475	3.0879014127939928	cell	0.0003	0.0002	0.0004	0.0006	0.0005	0.0009	1.323386319768854	0.8822575465125695	1.764515093025139	2.646772639537708	2.2056438662814237	3.9701589593065623	2.8511493956236467	1.2724355673582217
