metabolite	log2FC	stat	pvalue	padj	distance/span	FC	count_nan_samples	distance	span_allsamples	compartment	input_L-Cycloserine_cell_T2h-1	input_L-Cycloserine_cell_T2h-2	input_L-Cycloserine_cell_T2h-3	input_L-Cycloserine_cell_T4h-1	input_L-Cycloserine_cell_T4h-2	input_L-Cycloserine_cell_T4h-3	L-Cycloserine_cell_T2h-1	L-Cycloserine_cell_T2h-2	L-Cycloserine_cell_T2h-3	L-Cycloserine_cell_T4h-1	L-Cycloserine_cell_T4h-2	L-Cycloserine_cell_T4h-3	geommean_4	geommean_2
L-Proline	0.8523620687811054	1.9639610121239315	0.024767306717813353	0.028895191170782247	0.43194641605763434	1.8054545074916313	('0/3', '0/3')	1.1551716721168712	2.6743402171503083	cell	0.0133985852742358	0.0146846667756098	0.0101251473331057	0.020802504111159	0.0232041986653909	0.024288564618487	2.529924433476298	2.7727626844686992	1.9118330111932291	3.9279343565855704	4.381422960802765	4.5861732283435375	4.289532394625571	2.3758739845431713
Hexose	0.6404679994872082	1.9639610121239315	0.024767306717813353	0.028895191170782247	0.053669959793904105	1.5588347516526224	('0/3', '0/3')	0.17201307355184747	3.205015882485996	cell	0.0041732481389427	0.0046244191460601	0.0030964477683978	0.0090454190905873	0.0050619118250187	0.0049437001977371	2.2483427541458934	2.491411709300357	1.6682151820074178	4.873231064493414	2.727111447724645	2.6634247828522044	3.2833721412266574	2.106299040193799
