metabolite	log2FC	stat	pvalue	padj	distance/span	FC	count_nan_samples	distance	span_allsamples	compartment	input_L-Cycloserine_med_T0-1	input_L-Cycloserine_med_T0-2	input_L-Cycloserine_med_T0-3	input_L-Cycloserine_med_T1h-1	input_L-Cycloserine_med_T1h-2	input_L-Cycloserine_med_T1h-3	L-Cycloserine_med_T0-1	L-Cycloserine_med_T0-2	L-Cycloserine_med_T0-3	L-Cycloserine_med_T1h-1	L-Cycloserine_med_T1h-2	L-Cycloserine_med_T1h-3	geommean_1	geommean_0
Pyruvic_acid	4.7865122449615125	1.9639610121239315	0.024767306717813353	0.049534613435626706	0.8957190381885239	27.598390817530852	('0/3', '0/3')	1.8693904967533677	2.087027758764588	med	0.000139075094375	5.51743930058195e-05	0.0001082430441832	0.0026506671181012	0.0024742401927132	0.0026622029351933	0.11133502292609601	0.044169247828607455	0.08665276741234637	2.121962136279485	1.9807255196794638	2.1311970065931956	2.076802390056605	0.07525085081183043
