metabolite	log2FC	stat	pvalue	padj	distance/span	FC	count_nan_samples	distance	span_allsamples	compartment	input_L-Cycloserine_cell_T1h-1	input_L-Cycloserine_cell_T1h-2	input_L-Cycloserine_cell_T1h-3	input_L-Cycloserine_cell_T2h-1	input_L-Cycloserine_cell_T2h-2	input_L-Cycloserine_cell_T2h-3	L-Cycloserine_cell_T1h-1	L-Cycloserine_cell_T1h-2	L-Cycloserine_cell_T1h-3	L-Cycloserine_cell_T2h-1	L-Cycloserine_cell_T2h-2	L-Cycloserine_cell_T2h-3	geommean_2	geommean_1
L-Malic_acid	0.5192946750178501	1.9639610121239315	0.024767306717813353	0.03715096007672003	0.1503245281307648	1.4332543672083522	('0/3', '0/3')	0.3577147469397195	2.3796166293537233	cell	0.0052067142140932	0.0056257012249537	0.005207843966982	0.0061450615379249	0.0084380432836862	0.0086616414932889	3.586177863353739	3.87475946810432	3.586955992253133	4.232474215044039	5.811788930544611	5.965794492707462	5.274615594468099	3.680167118375386
