	mets	stat	pval	padj	FC_geommu	log2FC
3	Pyruvic_acid	6.356908348013804	0.00313843506057362	0.031384350605736196	1.0863444940713463	0.11948167319515468
14	L-Arginine	-5.041928568759999	0.007272202712271076	0.048481351415140504	0.9533375665303256	-0.06894094756495789
17	L-Lysine	-9.90332405411832	0.0005835368272067681	0.011670736544135361	0.9528503020401522	-0.06967851817956174
