	mets	stat	pval	padj	FC_geommu	log2FC
10	L-Alanine	-13.601378166502503	0.00016917220619259282	0.003721788536237042	0.0001911187531155211	-12.353243032948564
