	mets	stat	pval	padj	FC_geommu	log2FC
18	L-Threonine	14.140411333766954	0.00014519781336427983	0.003339549707378436	1.1734725425593524	0.2307840854257255
21	L-Aspartic_acid	-7.481478248319311	0.001706739019514813	0.01962749872442035	0.7453511998727589	-0.4240077298134545
