metabolite	log2FC	stat	pvalue	padj	distance/span	FC	count_nan_samples	distance	span_allsamples	compartment	input_L-Cycloserine_med_T2h-1	input_L-Cycloserine_med_T2h-2	input_L-Cycloserine_med_T2h-3	input_L-Cycloserine_med_T4h-1	input_L-Cycloserine_med_T4h-2	input_L-Cycloserine_med_T4h-3	L-Cycloserine_med_T2h-1	L-Cycloserine_med_T2h-2	L-Cycloserine_med_T2h-3	L-Cycloserine_med_T4h-1	L-Cycloserine_med_T4h-2	L-Cycloserine_med_T4h-3	geommean_4	geommean_2
Pyruvic_acid	0.4237302998532405	1.9639610121239315	0.024767306717813353	0.049534613435626706	0.3245757518842238	1.3413914391824624	('0/3', '0/3')	0.8623309307880307	2.6567940635800307	med	0.0035842403861946	0.0037691493657037	0.0034359904957269	0.0049145809132116	0.0043535166937337	0.0052363940213681	5.289141264647442	5.562005137699155	5.070373958701015	7.2522793969502715	6.424336068487186	7.727168022281045	7.113899270727582	5.303373096717606
L-Lactic_acid	0.006855607474339211	1.5275252316519468	0.06331522897380859	0.06331522897380859	-0.1370857440476692	1.004763253387663	('0/3', '0/3')	-0.3466095922805721	2.5284145677470633	med	0.973048888977137	0.979345434097336	0.973594010758196	0.980544075873575	0.978237037190108	0.98113431693267	304.28457214021876	306.25358064489456	304.4550385471926	306.62841093776467	305.906971052614	306.8129867079658	306.4492067625701	304.9964314771116
L-Proline						0.994402959388656	('1/3', '2/3')	0.0		med	0.0022582830613801		0.0055923727631873		0.0035338625419719		1.6440747612872746		4.071358047581394		2.572721867542982		2.5727218675429815	2.5872025452585663
L-Asparagine						27474892.266858995	('3/3', '2/3')	0.0		med						0.0027474892266859						0.0027474892266859	0.0027474892266858997	0.0
