metabolite	log2FC	stat	pvalue	padj	distance/span	FC	count_nan_samples	distance	span_allsamples	compartment	input_L-Cycloserine_med_T4h-1	input_L-Cycloserine_med_T4h-2	input_L-Cycloserine_med_T4h-3	input_L-Cycloserine_med_T6h-1	input_L-Cycloserine_med_T6h-2	input_L-Cycloserine_med_T6h-3	L-Cycloserine_med_T4h-1	L-Cycloserine_med_T4h-2	L-Cycloserine_med_T4h-3	L-Cycloserine_med_T6h-1	L-Cycloserine_med_T6h-2	L-Cycloserine_med_T6h-3	geommean_6	geommean_4
Pyruvic_acid	0.3305991676216762	1.9639610121239315	0.024767306717813353	0.024767306717813353	0.25899219187597555	1.2575355348624642	('0/3', '0/3')	0.7856726826898628	3.033576715185686	med	0.0049145809132116	0.0043535166937337	0.0052363940213681	0.0059397458474132	0.0057874757829562	0.0064813096499476	7.006677120382377	6.206772530529562	7.465483391309308	8.468246238062175	8.251156073999171	9.240349245715247	8.643020743225845	6.872983310305523
L-Lactic_acid	-0.0010688463065350652	-0.2182178902359924	0.41362967328135564		-0.5131864205996497	0.999259406570962	('0/3', '0/3')	-1.3803619921437758	2.6897866676418403	med	0.980544075873575	0.978237037190108	0.98113431693267	0.98106519373445	0.975623343861642	0.981057297112723	478.5823389675804	477.45632332342024	478.870422852402	478.836685315564	476.18063618476015	478.8328311454262	477.9484112191585	478.30263901070134
L-Proline						0.12736608157060786	('2/3', '1/3')	0.0		med		0.0035338625419719			2.94995872918784e-05	0.0068673778102713		1.265781470630945			0.010566350711673122	2.459801274333959	0.1612176260389449	1.265781470630945
L-Asparagine						0.7670077832715801	('2/3', '2/3')	2.0		med			0.0027474892266859	0.0021073456213229					8.583977731458887	6.583977731458887			6.583977731458887	8.583977731458885
