metabolite	log2FC	stat	pvalue	padj	distance/span	FC	count_nan_samples	distance	span_allsamples	compartment	input_L-Cycloserine_med_T24h-1	input_L-Cycloserine_med_T24h-2	input_L-Cycloserine_med_T24h-3	input_L-Cycloserine_med_T6h-1	input_L-Cycloserine_med_T6h-2	input_L-Cycloserine_med_T6h-3	L-Cycloserine_med_T24h-1	L-Cycloserine_med_T24h-2	L-Cycloserine_med_T24h-3	L-Cycloserine_med_T6h-1	L-Cycloserine_med_T6h-2	L-Cycloserine_med_T6h-3	geommean_24	geommean_6
Pyruvic_acid	0.4251401143748784	1.9639610121239315	0.024767306717813353	0.049534613435626706	0.34167623229869426	1.342702899597824	('0/3', '0/3')	0.8637338549902536	2.527930752394785	med	0.0086269081967996	0.0074514762189764	0.0083900027691063	0.0059397458474132	0.0057874757829562	0.0064813096499476	7.680487981489641	6.634007484330897	7.469572407956232	5.288122413437087	5.152557229094856	5.770273629340643	7.246920619180873	5.397262954709879
L-Lactic_acid	-0.0015357138318997775	-0.6546536707079772	0.25634538013096164	0.25634538013096164	-0.14396235613841254	0.998936090640569	('0/3', '0/3')	-0.4119231696142833	2.861325562206275	med	0.978373403361441	0.978510234526732	0.977726812997291	0.98106519373445	0.975623343861642	0.981057297112723	514.4288971309593	514.5008429802762	514.0889198106619	515.8442409538159	512.9829153916096	515.8400889088072	514.3395219311789	514.887315365048
L-Proline	3.9061297293701194	0.5773502691896258	0.28185143082538655			14.99209120138407	('0/3', '1/3')	-0.7304926753940519		med	0.0102248927631051	0.004402263176213	0.0068259358746325		2.94995872918784e-05	0.0068673778102713	3.0299642730372427	1.3045320330950976	2.0227441313427406		0.008741675598423709	2.0350247084891495	1.9996058643109822	0.13337738127729495
L-Glutamine						250137516910.63608	('0/3', '3/3')	-2.1316017591207697		med	0.129920014540754	0.141309164833775	0.130030692352799				24.31592563228953	26.4475273914103	24.336640173127165				25.013751691063607	0.0
L-Asparagine						0.0	('3/3', '2/3')	0.0		med				0.0021073456213229						0.0021073456213229			0.0	0.0021073456213229007
