metabolite	log2FC	stat	pvalue	padj	distance/span	FC	count_nan_samples	distance	span_allsamples	compartment	input_L-Cycloserine_med_T0-1	input_L-Cycloserine_med_T0-2	input_L-Cycloserine_med_T0-3	input_L-Cycloserine_med_T1h-1	input_L-Cycloserine_med_T1h-2	input_L-Cycloserine_med_T1h-3	L-Cycloserine_med_T0-1	L-Cycloserine_med_T0-2	L-Cycloserine_med_T0-3	L-Cycloserine_med_T1h-1	L-Cycloserine_med_T1h-2	L-Cycloserine_med_T1h-3	geommean_1	geommean_0
Pyruvic_acid	4.7865122449615125	1.9639610121239315	0.024767306717813353	0.049534613435626706	0.8957190381885239	27.598390817530852	('0/3', '0/3')	1.8693904967533677	2.087027758764588	med	0.000139075094375	5.51743930058195e-05	0.0001082430441832	0.0026506671181012	0.0024742401927132	0.0026622029351933	0.11133502292609601	0.044169247828607455	0.08665276741234637	2.121962136279485	1.9807255196794638	2.1311970065931956	2.076802390056605	0.07525085081183043
L-Lactic_acid	-0.0030135424278214975	-0.6546536707079772	0.25634538013096164	0.25634538013096164	-0.19610510153247873	0.9979133516465735	('0/3', '0/3')	-0.6085001348884589	3.1029286343562035	med	0.981176728749348	0.982344821248399	0.982893975908719	0.983950155325975	0.975193385889834	0.981143490400924	347.67631935528027	348.09022858165804	348.28481949016873	348.6590727328424	345.5561440984862	347.66454147031527	347.29084079314407	348.01702995566546
L-Proline						35981581.498048	('3/3', '2/3')	0.0		med				0.0035981581498048						0.0035981581498048			0.0035981581498048	0.0
L-Asparagine						0.0	('2/3', '3/3')	0.0		med	0.0027504334814913						0.0027504334814913						0.0	0.002750433481491301
