metabolite	log2FC	stat	pvalue	padj	distance/span	FC	count_nan_samples	distance	span_allsamples	compartment	input_L-Cycloserine_med_T1h-1	input_L-Cycloserine_med_T1h-2	input_L-Cycloserine_med_T1h-3	input_L-Cycloserine_med_T2h-1	input_L-Cycloserine_med_T2h-2	input_L-Cycloserine_med_T2h-3	L-Cycloserine_med_T1h-1	L-Cycloserine_med_T1h-2	L-Cycloserine_med_T1h-3	L-Cycloserine_med_T2h-1	L-Cycloserine_med_T2h-2	L-Cycloserine_med_T2h-3	geommean_2	geommean_1
Pyruvic_acid	0.47022360027106025	1.9639610121239315	0.024767306717813353	0.049534613435626706	0.5975612627305689	1.385324159952025	('0/3', '0/3')	1.5077970306549782	2.523250961357615	med	0.0026506671181012	0.0024742401927132	0.0026622029351933	0.0035842403861946	0.0037691493657037	0.0034359904957269	5.165071414655071	4.821287141302097	5.187550027190084	6.984225757947165	7.344538102659712	6.695347057845062	7.0030186627220115	5.05514800446744
L-Lactic_acid	-0.007029105598032749	-1.5275252316519468	0.06331522897380859	0.06331522897380859	-0.38087760399916004	0.9951396452094001	('0/3', '0/3')	-1.0252561053626152	2.691825653694451	med	0.983950155325975	0.975193385889834	0.981143490400924	0.973048888977137	0.979345434097336	0.973594010758196	242.9646414744675	240.80235171313123	242.27159789541741	240.27281582077305	241.82760781849385	240.40742153974978	240.8349226871861	242.0111828993698
L-Proline						0.9876589338531021	('2/3', '1/3')	0.0		med	0.0035981581498048			0.0022582830613801		0.0055923727631873	2.6266873929063586			1.648566683280135		4.082481764814556	2.5942712700432784	2.6266873929063586
