	mets	stat	pval	padj	FC_geommu	log2FC
18	L-Threonine	14.140411333766954	0.00014519781336427983	0.003339549707378436	1.1734725425593524	0.2307840854257255
21	L-Aspartic_acid	-7.617423843421862	0.001594406178926187	0.018335671057651153	0.742278881801487	-0.4299667708436625
