	mets	stat	pval	padj	FC_geommu	log2FC
3	Pyruvic_acid	6.516853118067502	0.002862366679483711	0.02862366679483711	1.086162313190336	0.11923971174001365
14	L-Arginine	-5.041928568759999	0.007272202712271076	0.048481351415140504	0.9533375665303256	-0.06894094756495789
17	L-Lysine	-9.90332405411832	0.0005835368272067681	0.011670736544135361	0.9528503020401522	-0.06967851817956174
