metabolite	log2FC	stat	pvalue	padj	distance/span	FC	count_nan_samples	distance	span_allsamples	compartment	input_L-Cycloserine_med_T2h-1	input_L-Cycloserine_med_T2h-2	input_L-Cycloserine_med_T2h-3	input_L-Cycloserine_med_T4h-1	input_L-Cycloserine_med_T4h-2	input_L-Cycloserine_med_T4h-3	L-Cycloserine_med_T2h-1	L-Cycloserine_med_T2h-2	L-Cycloserine_med_T2h-3	L-Cycloserine_med_T4h-1	L-Cycloserine_med_T4h-2	L-Cycloserine_med_T4h-3	geommean_4	geommean_2
Hexose-phosphate	-0.9971882770086117	-1.9639610121239315	0.024767306717813353	0.046782690466980775	0.38248153692980763	0.5009754191388954	('0/3', '0/3')	0.967523448987635	2.5295951714531864	med	1684708.566666667	1734938.566666667	1895524.566666667	722994.7666666666	779382.1666666666	1236237.566666667	3.6345606359393328	3.742925954639202	4.089371367116549	1.5597761956633622	1.681425380844668	2.667037186951698	1.9124480760963036	3.8174489267028835
