metabolite	log2FC	stat	pvalue	padj	distance/span	FC	count_nan_samples	distance	span_allsamples	compartment	input_L-Cycloserine_cell_T24h-1	input_L-Cycloserine_cell_T24h-2	input_L-Cycloserine_cell_T24h-3	input_L-Cycloserine_cell_T6h-1	input_L-Cycloserine_cell_T6h-2	input_L-Cycloserine_cell_T6h-3	L-Cycloserine_cell_T24h-1	L-Cycloserine_cell_T24h-2	L-Cycloserine_cell_T24h-3	L-Cycloserine_cell_T6h-1	L-Cycloserine_cell_T6h-2	L-Cycloserine_cell_T6h-3	geommean_24	geommean_6
Pyruvic_acid	1.1198623819888027	1.9639610121239315	0.024767306717813353	0.0335087090888063	0.5479941690505473	2.173262408670607	('0/3', '0/3')	1.4215692541813474	2.5941320810846458	cell	16253003.633333333	13348093.633333333	13833043.633333333	6644629.633333333	5781981.633333333	7610034.633333333	4.026582900810953	3.3069090978465816	3.4270525139068284	1.6461666204841996	1.4324508197263073	1.8853398436652342	3.5734953425252884	1.6442999834112113
L-Glutamine	0.6656641440727094	1.9639610121239315	0.024767306717813353	0.0335087090888063	0.3732692553127175	1.5862983569613986	('0/3', '0/3')	0.9195267532123887	2.4634409079366253	cell	23263911.28333333	31380949.28333333	29298918.28333333	17422764.483333334	17947083.383333337	17137001.183333334	4.0234119312728875	5.427225208328853	5.06714524307033	3.013206061709019	3.103885178060499	2.9637843003922275	4.800781040508135	3.0264048496552522
L-Tryptophan	0.5145563023830847	1.9639610121239315	0.024767306717813353	0.0335087090888063	0.20577647828876622	1.4285547233797493	('0/3', '0/3')	0.5802999162211142	2.8200497989220086	cell	10735596.133333333	12079428.533333335	9482850.533333335	8413609.633333333	6883300.633333334	7283526.733333333	5.826437743596449	6.55576434262125	5.146545900021847	4.566245983800733	3.735714543699242	3.9529258122725843	5.8145230724594175	4.070213746312158
L-Arginine	0.5302809704000598	1.9639610121239315	0.024767306717813353	0.0335087090888063	0.14993704047596756	1.444210433664126	('0/3', '0/3')	0.42491524402878245	2.8339577910829137	cell	23461656.1	22578510.1	18215917.200000003	16576254.200000005	12525979.400000002	15428207.200000005	6.08003920747794	5.851173764943074	4.720616920822216	4.295701676793434	3.2460814163950262	3.998187693028774	5.517165918919069	3.8201953055562634
