metabolite	log2FC	stat	pvalue	padj	distance/span	FC	count_nan_samples	distance	span_allsamples	compartment	input_L-Cycloserine_med_T4h-1	input_L-Cycloserine_med_T4h-2	input_L-Cycloserine_med_T4h-3	input_L-Cycloserine_med_T6h-1	input_L-Cycloserine_med_T6h-2	input_L-Cycloserine_med_T6h-3	L-Cycloserine_med_T4h-1	L-Cycloserine_med_T4h-2	L-Cycloserine_med_T4h-3	L-Cycloserine_med_T6h-1	L-Cycloserine_med_T6h-2	L-Cycloserine_med_T6h-3	geommean_6	geommean_4
Hexose-phosphate	1.255844876153559	1.9639610121239315	0.024767306717813353	0.046782690466980775	0.43744689665489667	2.3880695863694306	('0/3', '0/3')	1.1374424323031649	2.600184024623444	med	722994.7666666666	779382.1666666666	1236237.566666667	1966093.566666667	2017738.566666667	2391439.566666667	1.1267495587345895	1.214626374719183	1.9266116394657025	3.0640540717688673	3.1445401052005266	3.7269335833580333	3.2991475470733698	1.3815123168538175
