	mets	stat	pval	padj	FC_geommu	log2FC
11	L-Alanine	-11.886484822672717	0.0002868919414178107	0.006598514652609646	5.79727419069117e-07	-20.718121942581234
