	mets	stat	pval	padj	FC_geommu	log2FC
11	L-Alanine	-14.95809086647915	0.00011636328161307013	0.002676355477100613	0.00018930709191803343	-12.366983920524067
