	mets	stat	pval	padj	FC_geommu	log2FC
11	L-Alanine	-10.248383448666166	0.0005110390780910281	0.011753898796093648	1.0529783309078832e-06	-19.85709282167223
