	mets	stat	pval	padj	FC_geommu	log2FC
8	L-Alanine	-9.447754899472818	0.0006999659072228978	0.013999318144457956	2.7627934526816557e-06	-18.46544085948297
