	mets	stat	pval	padj	FC_geommu	log2FC
10	L-Alanine	-12.062043563741938	0.0002709101621334417	0.005960023566935716	4.796666237181221e-07	-20.991464607143605
