	mets	stat	pval	padj	FC_geommu	log2FC
10	L-Alanine	-8.863702935658614	0.00089476405951028	0.01968480930922616	1.8893659166598737e-06	-19.01366643137394
