	mets	stat	pval	padj	FC_geommu	log2FC
1	Hexose	7.117323579781245	0.002059613546582327	0.028161485973411435	1.126345581297827	0.1716495378375835
3	Pyruvic_acid	6.5454859918630035	0.0028161485973411437	0.028161485973411435	1.0890984155152938	0.12313432793962338
