metabolite_or_isotopologue	A_T0_endo-1	A_T0_endo-2	Cont_T0_endo-1	Cont_T0_endo-2	A_T24_endo-1	A_T24_endo-2	Cont_T24_endo-1	Cont_T24_endo-2	A_T0_exo-1	A_T0_exo-2	Cont_T0_exo-1	Cont_T0_exo-2	A_T24_exo-1	A_T24_exo-2	Cont_T24_exo-1	Cont_T24_exo-2
2_3-PG	8698700.9926	10718305.7217	12286964.5295	12019744.893	10724272.97107	8536357.58654	9205926.67059	6236145.46361	8698700.9926	10718305.7217	12286964.5295	12019744.893	10724272.97107	8536357.58654	9205926.67059	6236145.46361
2-OHGLu	5705654.5664	6325802.73618	5938416.940944001	7582383.6291499995	16140446.4976	13721863.2852		10188298.3657	5705654.5664	6325802.73618	5938416.940944001	7582383.6291499995	16140446.4976	13721863.2852	10111613.7397	10188298.3657
6-PG	8274272.110725	9312818.634218	6063148.923217	8458124.07548	17769536.24858	14448875.911600001	13206099.40235	9341520.27111	8274272.110725	9312818.634218	6063148.923217	8458124.07548	17769536.24858	14448875.911600001	13206099.40235	9341520.27111
a-KG	562535.286505	809025.3352900001	622126.073661	562802.8958589999	9074143.42373	7326336.2645499995	2975407.95778	2045120.9113999996	562535.286505	809025.3352900001	622126.073661	562802.8958589999	9074143.42373	7326336.2645499995	2975407.95778	2045120.9113999996
