metabolite_or_isotopologue	A_T0_endo-1	A_T0_endo-2	Cont_T0_endo-1	Cont_T0_endo-2	A_T24_endo-1	A_T24_endo-2	Cont_T24_endo-1	Cont_T24_endo-2	A_T0_exo-1	A_T0_exo-2	Cont_T0_exo-1	Cont_T0_exo-2	A_T24_exo-1	A_T24_exo-2	Cont_T24_exo-1	Cont_T24_exo-2
2_3-PG	0.9711721489434658	0.9683108080463055	0.970263782963689	0.9722295614670053	0.9909280183188997	0.9916329686657823	0.9918434825292257	0.9913909146202647	0.9711721489434658	0.9683108080463055	0.970263782963689	0.9722295614670053	0.9909280183188997	0.9916329686657823	0.9918434825292257	0.9913909146202647
2-OHGLu	0.017199536373951628	0.02467961085967662	0.0048656618561725325	0.010285552384104672	0.5541058052569893	0.5558530015633245		0.4334736616752554	0.017199536373951628	0.02467961085967662	0.0048656618561725325	0.010285552384104672	0.5541058052569893	0.5558530015633245	0.5016155584252454	0.4334736616752554
6-PG	0.9511056450512699	0.95143903528172	0.9464923226477175	0.9546766729530495	0.9710079856622874	0.9724939310057841	0.96986834445207	0.9703092474136393	0.9511056450512699	0.95143903528172	0.9464923226477175	0.9546766729530495	0.9710079856622874	0.9724939310057841	0.96986834445207	0.9703092474136393
a-KG	0.1064710933266364	0.11831453747204193	0.055310367505269055	0.06850070496698121	0.6048083777421785	0.6181764251832604	0.5776728068639144	0.5148015224876255	0.1064710933266364	0.11831453747204193	0.055310367505269055	0.06850070496698121	0.6048083777421785	0.6181764251832604	0.5776728068639144	0.5148015224876255
